{"rr": [641.2820279534443, 121.3211884308897], "anomaly_rr": [656.3556102852783, 28.053772770540505], "observation_time": [162467.98689956332, 235340.99673152855], "min_max_obs_time": [19792, 1868576], "observation_ticks": [264.1353711790393, 411.68075350933645], "min_max_obs_ticks": [32, 3661], "anomaly_ticks": [11.908151382823872, 3.9698834739918416], "min_max_anomaly_ticks": [6, 41], "anomaly_time": [7776.854148471616, 2790.599823653923], "min_max_anomaly_time": [3220, 31712], "intra_ticks": [40.625075075075074, 64.76258359657584], "min_max_intra_ticks": [1, 687], "intra_time": [25935.678678678676, 39943.898196044305], "min_max_intra_time": [544, 436520]}